{"stat.useItem.119":5,"stat.killEntity.Sheep":24,"stat.useItem.3":97,"stat.useItem.65":1,"achievement.exploreAllBiomes":{"value":0,"progress":["Sunflower Plains","Forest","Extreme Hills","Ocean","Beach","Plains","Stone Beach","River","Sky","Hell","Extreme Hills+ M"]},"stat.useItem.143":1,"stat.useItem.46":967,"achievement.openInventory":167,"stat.damageDealt":17700,"stat.useItem.49":308,"stat.useItem.259":19,"stat.killEntity.Cow":3,"stat.useItem.323":2,"stat.fallOneCm":5431,"stat.flyOneCm":1343158,"stat.useItem.152":60,"stat.useItem.69":1,"stat.climbOneCm":1796,"stat.useItem.87":8,"stat.drop":171,"stat.damageTaken":3110,"stat.useItem.88":8,"stat.useItem.121":3,"stat.useItem.4":107,"stat.useItem.76":1,"stat.killEntity.Creeper":3,"stat.diveOneCm":873,"stat.useItem.356":4,"stat.useItem.383":734,"stat.useItem.57":2,"stat.playOneMinute":377259,"stat.killEntity.Pig":7,"stat.useItem.85":16,"stat.useItem.58":1,"stat.swimOneCm":772,"stat.useItem.42":31,"stat.useItem.389":23,"stat.mobKills":40,"stat.useItem.397":6,"stat.useItem.98":42,"stat.walkOneCm":320247,"stat.useItem.77":1,"stat.useItem.67":1,"stat.useItem.7":134,"stat.useItem.56":9,"stat.jump":691,"stat.useItem.1":56,"stat.useItem.331":16}