{"stat.useItem.46":315,"achievement.openInventory":38,"stat.damageDealt":9710,"stat.useItem.3":15,"achievement.exploreAllBiomes":{"value":0,"progress":["Sunflower Plains","Ocean","Extreme Hills","Plains","Beach","River","Stone Beach","Extreme Hills+ M"]},"stat.killEntity.Cow":2,"stat.useItem.49":61,"stat.fallOneCm":4471,"stat.flyOneCm":280773,"stat.useItem.152":4,"stat.useItem.69":1,"stat.drop":22,"stat.damageTaken":2660,"stat.useItem.88":8,"stat.useItem.4":1,"stat.useItem.76":1,"stat.playOneMinute":130245,"stat.killEntity.Creeper":3,"stat.diveOneCm":853,"stat.useItem.383":703,"stat.jump":412,"stat.useItem.1":56,"stat.mobKills":7,"stat.useItem.397":6,"stat.useItem.98":42,"stat.walkOneCm":111924,"stat.useItem.7":134}