{"stat.useItem.46":315,"achievement.openInventory":88,"stat.killEntity.Sheep":12,"stat.damageDealt":13620,"stat.useItem.3":30,"achievement.exploreAllBiomes":{"value":0,"progress":["Sunflower Plains","Ocean","Extreme Hills","Plains","Beach","River","Stone Beach","Extreme Hills+ M"]},"stat.useItem.49":61,"stat.killEntity.Cow":2,"stat.useItem.143":1,"stat.fallOneCm":5162,"stat.flyOneCm":411842,"stat.useItem.152":4,"stat.useItem.69":1,"stat.drop":65,"stat.damageTaken":2660,"stat.useItem.88":8,"stat.useItem.4":1,"stat.useItem.76":1,"stat.killEntity.Creeper":3,"stat.diveOneCm":853,"stat.useItem.356":4,"stat.useItem.383":713,"stat.playOneMinute":270941,"stat.killEntity.Pig":3,"stat.useItem.85":16,"stat.useItem.58":1,"stat.swimOneCm":525,"stat.useItem.42":31,"stat.useItem.389":22,"stat.mobKills":22,"stat.useItem.397":6,"stat.useItem.98":42,"stat.walkOneCm":196986,"stat.useItem.7":134,"stat.useItem.56":9,"stat.jump":498,"stat.useItem.1":56,"stat.useItem.331":16}